Word,Meaning,Sentence,Lesson
think outside the box,คิดนอกกรอบ,Employers want people who can think outside the box when the old solutions stop working.,1.1 Transferable Skills
can-do attitude,"ทัศนคติแบบ ""ทำได้"" มองบวกและพร้อมลงมือทำ",Her can-do attitude made her the first person the manager asked for help.,1.1 Transferable Skills
set goals,ตั้งเป้าหมาย,Playing in a sports team taught me how to set goals and work towards them.,1.1 Transferable Skills
critical thinking,การคิดเชิงวิพากษ์ (วิเคราะห์ข้อมูลอย่างรอบคอบ),Critical thinking means checking information carefully before you make a decision.,1.1 Transferable Skills
determination,ความมุ่งมั่น,"It was her determination, not her degree, that got her the job.",1.1 Transferable Skills
team player,คนที่ทำงานเป็นทีมได้ดี,The manager is looking for a team player who shares ideas and helps colleagues.,1.1 Transferable Skills
integrity,ความซื่อสัตย์ ยึดมั่นในหลักการ,A good leader shows integrity by keeping promises and telling the truth.,1.1 Transferable Skills
communication skills,ทักษะการสื่อสาร,Good communication skills are important in every job and every sector.,1.1 Transferable Skills
adapt to new tasks and roles,ปรับตัวเข้ากับงานและบทบาทใหม่ได้,"Workplaces change fast, so employees need to adapt to new tasks and roles.",1.1 Transferable Skills
work well in a team,ทำงานเป็นทีมได้ดี,I work well in a team because I listen to other people's ideas.,1.1 Transferable Skills
be good at problem solving,เก่งเรื่องการแก้ปัญหา,"She is good at problem solving, so difficult customer complaints go to her.",1.1 Transferable Skills
rely on someone to do something,ไว้ใจหรือพึ่งพาให้ใครทำบางสิ่งได้,You can rely on Tom to finish the report on time.,1.1 Transferable Skills
be confident in your abilities,มั่นใจในความสามารถของตัวเอง,"Be confident in your abilities, but don't sound arrogant in the interview.",1.1 Transferable Skills
be motivated to do something,มีแรงจูงใจที่จะทำบางสิ่ง,He is motivated to learn new skills because he wants a promotion.,1.1 Transferable Skills
work on your communication skills,ฝึกพัฒนาทักษะการสื่อสาร,Join a presentation club to work on your communication skills.,1.1 Transferable Skills
be resourceful under pressure,มีไหวพริบ หาทางออกได้แม้อยู่ภายใต้ความกดดัน,"When the system crashed before the deadline, she was resourceful under pressure and found another way.",1.1 Transferable Skills
calm,ใจเย็น สงบ ไม่ตื่นตกใจง่าย,She stayed calm when the angry customer started shouting.,1.1 Transferable Skills
be good with computers,เก่งหรือถนัดเรื่องคอมพิวเตอร์,"He is good with computers, so everyone asks him to fix their laptops.",1.1 Transferable Skills
be good with numbers,เก่งเรื่องตัวเลข,You need to be good with numbers to work in accounting.,1.1 Transferable Skills
be good with people,เข้ากับคนง่าย รับมือกับผู้คนได้ดี,Hotel receptionists need to be good with people.,1.1 Transferable Skills
organised,เป็นระบบ จัดการงานได้เป็นระเบียบ,An organised student plans the whole week on Sunday night.,1.1 Transferable Skills
reliable,ไว้ใจได้ เชื่อถือได้,Our most reliable supplier has never missed a delivery.,1.1 Transferable Skills
flexible · flexibility,ยืดหยุ่น (adj.) · ความยืดหยุ่น (n.),A pilot needs flexibility because the work schedule changes every week.,1.1 Transferable Skills
motivated · motivation,มีแรงจูงใจ (adj.) · แรงจูงใจ (n.),"After four years in the same job, her motivation was very low.",1.1 Transferable Skills
confident · confidence,มั่นใจ (adj.) · ความมั่นใจ (n.),Giving presentations in class helped him build his confidence.,1.1 Transferable Skills
dependable · dependability,ไว้ใจได้ พึ่งพาได้ (adj.) · ความน่าไว้วางใจ (n.),Emergency workers must be dependable because people's lives depend on them.,1.1 Transferable Skills
resourceful · resourcefulness,มีไหวพริบ (adj.) · ความมีไหวพริบ (n.),"Our travel budget is small, so we have to be resourceful.",1.1 Transferable Skills
independent · independence,ทำงานได้ด้วยตัวเอง เป็นอิสระ (adj.) · ความเป็นอิสระ (n.),Working from home every day takes a lot of independence.,1.1 Transferable Skills
ambitious · ambition,ทะเยอทะยาน มุ่งมั่นสู่ความสำเร็จ (adj.) · ความทะเยอทะยาน (n.),Her ambition is to become a manager within two years.,1.1 Transferable Skills
passionate · passion,หลงใหล ทุ่มเท (adj.) · ความหลงใหล (n.),He is passionate about good customer service.,1.1 Transferable Skills
enthusiastic · enthusiasm,กระตือรือร้น (adj.) · ความกระตือรือร้น (n.),The new intern brings a lot of enthusiasm to the team.,1.1 Transferable Skills
honest · honesty,ซื่อสัตย์ (adj.) · ความซื่อสัตย์ (n.),My manager is always honest with me about my work.,1.1 Transferable Skills
authentic · authenticity,จริงใจ เป็นตัวของตัวเอง ไม่เสแสร้ง (adj.) · ความจริงใจ (n.),Be authentic in the interview and don't pretend to be someone else.,1.1 Transferable Skills
skillset,ชุดทักษะทั้งหมดที่คนคนหนึ่งมี,An online course can add new skills to your skillset.,1.1 Transferable Skills
teamworking skills,ทักษะการทำงานเป็นทีม,Group projects at university help you develop teamworking skills.,1.1 Transferable Skills
recruiter,ผู้สรรหาบุคลากร คนที่ทำหน้าที่หาคนมาทำงาน,The recruiter asked me about my experience of working in teams.,1.1 Transferable Skills
individual performance,ผลงานส่วนบุคคล,"At university, most grades are based on individual performance.",1.1 Transferable Skills
customer-facing,ที่ต้องติดต่อกับลูกค้าโดยตรง,Sales and reception are customer-facing jobs.,1.1 Transferable Skills
work independently,ทำงานได้ด้วยตัวเองโดยไม่ต้องมีคนคอยสั่ง,"In a back-office job, you'll need to work independently.",1.1 Transferable Skills
start at the bottom,เริ่มต้นจากตำแหน่งล่างสุด,Most graduates start at the bottom and work their way up.,1.1 Transferable Skills
make progress,มีความก้าวหน้า พัฒนาขึ้น,She is making good progress in her new job.,1.1 Transferable Skills
practical experience,ประสบการณ์จากการลงมือทำจริง,An internship gives you practical experience in a real workplace.,1.1 Transferable Skills
motivate yourself,สร้างแรงจูงใจให้ตัวเอง,"When the work is boring, you have to motivate yourself.",1.1 Transferable Skills
be a recent graduate,เพิ่งจบการศึกษา,"I'm a recent graduate, and I'm looking for my first full-time job.",1.2 Careers Advice
get a job interview,ได้รับเรียกสัมภาษณ์งาน,He sent out thirty applications before he got a job interview.,1.2 Careers Advice
put something on your profile,ใส่ข้อมูลบางอย่างลงในโปรไฟล์,You should put your volunteer work on your profile.,1.2 Careers Advice
stand out from the crowd,โดดเด่นกว่าคนอื่น,Real examples from your own experience help you stand out from the crowd.,1.2 Careers Advice
build a website,สร้างเว็บไซต์,"For her final project, she designed and built a website for a local café.",1.2 Careers Advice
have issues with something,มีปัญหากับบางสิ่ง,We had issues with the weather and our equipment on the camping trip.,1.2 Careers Advice
deal with a problem,รับมือกับปัญหา จัดการปัญหา,Tell the interviewer how you dealt with a problem at university.,1.2 Careers Advice
online profile,โปรไฟล์ออนไลน์,Keep your online profile up to date when you are looking for a job.,1.2 Careers Advice
professional networking site,เว็บไซต์เครือข่ายทางอาชีพ เช่น LinkedIn,Many employers look for candidates on professional networking sites.,1.2 Careers Advice
social media platform,แพลตฟอร์มโซเชียลมีเดีย,Instagram and TikTok are popular social media platforms.,1.2 Careers Advice
make contacts,สร้างเครือข่าย ทำความรู้จักคนในวงการ,Industry events are a good place to make contacts.,1.2 Careers Advice
be good with your hands,ถนัดงานที่ใช้มือ เช่น งานช่างหรืองานฝีมือ,"I enjoy repairing my motorbike, which shows I'm good with my hands.",1.2 Careers Advice
do volunteer work,ทำงานอาสาสมัคร,She does volunteer work at an animal shelter every weekend.,1.2 Careers Advice
keep in touch with someone,ติดต่อกันอยู่เสมอ ไม่ขาดการติดต่อ,You should keep in touch with your classmates after you graduate.,1.2 Careers Advice
update your status,อัปเดตสถานะ (บนโซเชียลมีเดีย),Don't update your status ten times a day.,1.2 Careers Advice
recruitment agency,บริษัทจัดหางาน,A recruitment agency found her a job in only two weeks.,1.2 Careers Advice
apply for a transfer,ขอย้ายไปทำงานที่สาขาหรือแผนกอื่น,He applied for a transfer to the Chiang Mai branch.,1.2 Careers Advice
go on a course,ไปเรียนคอร์สระยะสั้น,You ought to go on a computer course this summer.,1.2 Careers Advice
Why don't you + verb …?,ทำไมไม่ลอง...ล่ะ (ตามด้วยกริยาช่องที่ 1),Why don't you ask your lecturer for a reference letter?,1.2 Careers Advice
Why not try + verb-ing …?,ลอง...ดูสิ (ตามด้วย V-ing),Why not try writing a blog about your internship?,1.2 Careers Advice
How about / What about + verb-ing …?,...ดีไหม (ตามด้วย V-ing),How about joining a student business club?,1.2 Careers Advice
You should / shouldn't + verb,คุณควร / ไม่ควร... (ตามด้วยกริยาช่องที่ 1),You shouldn't put embarrassing photos on your profile.,1.2 Careers Advice
You ought to + verb,คุณควรจะ... (ought to ตามด้วยกริยาช่องที่ 1),You ought to research the company before the interview.,1.2 Careers Advice
You could + verb,คุณอาจจะลอง... (เสนอแนะแบบสุภาพ),You could take an online course to improve your skills.,1.2 Careers Advice
Dear colleagues (formal) / Hi everyone (informal),คำขึ้นต้นอีเมลถึงเพื่อนร่วมงานทุกคน (ทางการ / ไม่ทางการ),"Dear colleagues, I would like to introduce myself.",1.5 Introducing Yourself
I would like to introduce myself,ขออนุญาตแนะนำตัว (ทางการ),I would like to introduce myself as the new Sales Manager.,1.5 Introducing Yourself
I have been appointed as …,ฉันได้รับแต่งตั้งให้ดำรงตำแหน่ง...,I have been appointed as the new HR Manager.,1.5 Introducing Yourself
My previous job was as …,งานก่อนหน้านี้ของฉันคือตำแหน่ง...,My previous job was as a store manager in Chiang Mai.,1.5 Introducing Yourself
Please feel free to contact me,ติดต่อฉันได้ตามสะดวก,Please feel free to contact me by email or phone.,1.5 Introducing Yourself
I look forward to meeting you,ตั้งตารอที่จะได้พบคุณ (look forward to ตามด้วย V-ing),I look forward to meeting you all on Monday.,1.5 Introducing Yourself
Kind regards,ด้วยความนับถือ (คำลงท้ายอีเมลแบบสุภาพ),"Thank you for your help. Kind regards, Somchai",1.5 Introducing Yourself
Best wishes / Bye for now,คำลงท้ายอีเมลแบบไม่ทางการ,"See you at lunch! Bye for now, Ploy",1.5 Introducing Yourself
fit in,เข้ากับคนอื่นหรือที่ใหม่ได้,"It's my first job, but I'm sure I'll soon fit in.",1.5 Introducing Yourself
Perhaps we can meet up over lunch,เราไปกินข้าวกลางวันด้วยกันไหม (ชวนแบบไม่ทางการ),Perhaps we can meet up over lunch on Friday.,1.5 Introducing Yourself
sector,ภาคส่วนทางเศรษฐกิจ (ส่วนใหญ่ของเศรษฐกิจทั้งหมด),Banking belongs to the tertiary sector of the economy.,2.1 Japan's Economy
industry,อุตสาหกรรม (กลุ่มบริษัทที่ทำธุรกิจประเภทเดียวกัน),A car plant is part of the automotive industry.,2.1 Japan's Economy
the primary sector,ภาคปฐมภูมิ (นำวัตถุดิบจากธรรมชาติ เช่น เกษตร ประมง เหมืองแร่),"Fishing, farming and mining are all in the primary sector.",2.1 Japan's Economy
the secondary sector,ภาคทุติยภูมิ (นำวัตถุดิบมาผลิตเป็นสินค้า),A steel factory is in the secondary sector because it makes products from raw materials.,2.1 Japan's Economy
the tertiary sector,ภาคตติยภูมิ (ภาคบริการ),"Hotels, banks and airlines are in the tertiary sector, also called the service sector.",2.1 Japan's Economy
account for 75% of output,คิดเป็น 75% ของผลผลิต,"In Japan, the service sector accounts for about 75% of economic output.",2.1 Japan's Economy
be the third largest in the world,ใหญ่เป็นอันดับสามของโลก,The company is now the third largest coffee chain in the world.,2.1 Japan's Economy
make a global impact,สร้างผลกระทบระดับโลก,Japanese car and electronics companies have made a global impact.,2.1 Japan's Economy
enjoy a reputation for doing something,มีชื่อเสียงในด้าน...,"Thai restaurants abroad enjoy a reputation for serving fresh, spicy food.",2.1 Japan's Economy
pioneer advances in technology,บุกเบิกความก้าวหน้าทางเทคโนโลยี,Japanese car makers pioneered advances in technology such as factory robots.,2.1 Japan's Economy
lose market share to a rival,เสียส่วนแบ่งตลาดให้คู่แข่ง,"In the 1970s, many American car makers lost market share to their Japanese rivals.",2.1 Japan's Economy
be a global player,เป็นผู้เล่นระดับโลก (บริษัทที่มีบทบาทในตลาดโลก),Several Japanese banks are global players in the financial world.,2.1 Japan's Economy
be successful in doing something,ประสบความสำเร็จในการ...,Toyota was successful in selling hybrid cars all over the world.,2.1 Japan's Economy
agriculture,เกษตรกรรม,Agriculture is still an important part of Thailand's economy.,2.1 Japan's Economy
manufacturing,การผลิตในโรงงาน อุตสาหกรรมการผลิต,Manufacturing is part of the secondary sector.,2.1 Japan's Economy
the automotive industry,อุตสาหกรรมยานยนต์,Thailand has a large automotive industry.,2.1 Japan's Economy
retail,การค้าปลีก,My cousin works in retail as a store manager.,2.1 Japan's Economy
transportation,การขนส่ง,"Airlines, ports and courier services are all part of transportation.",2.1 Japan's Economy
financial services,บริการทางการเงิน,Banks and insurance companies provide financial services.,2.1 Japan's Economy
raw materials,วัตถุดิบ,Factories turn raw materials such as steel and cotton into products.,2.1 Japan's Economy
extraction of raw materials,การขุดหรือสกัดวัตถุดิบจากธรรมชาติ,Coal mining and oil drilling are examples of the extraction of raw materials.,2.1 Japan's Economy
construction,การก่อสร้าง,"The construction industry builds houses, offices and bridges.",2.1 Japan's Economy
the tourism industry,อุตสาหกรรมการท่องเที่ยว,"Hotels, campsites and cruise ships are part of the tourism industry.",2.1 Japan's Economy
health care,การดูแลสุขภาพ บริการด้านสุขภาพ,Health care for older people is a growing industry.,2.1 Japan's Economy
mining,การทำเหมืองแร่,Mining is part of the primary sector.,2.1 Japan's Economy
crop,พืชผลทางการเกษตร,Rice is Thailand's best-known crop.,2.1 Japan's Economy
animal farming,การเลี้ยงสัตว์ ปศุสัตว์,Animal farming and crop growing are both types of agriculture.,2.1 Japan's Economy
oil drilling,การขุดเจาะน้ำมัน,Oil drilling is part of the primary sector.,2.1 Japan's Economy
plant (= factory),"โรงงาน เช่น car plant, chemical plant",The company built a new chemical plant near the port.,2.1 Japan's Economy
textile,สิ่งทอ,The textile industry makes cloth and clothes.,2.1 Japan's Economy
insurance,การประกันภัย,Businesses buy insurance to cover their risks.,2.1 Japan's Economy
courier service,บริการรับส่งเอกสารและพัสดุด่วน,We sent the contract to the client by courier service.,2.1 Japan's Economy
hotel chain,เครือโรงแรม,The hotel chain has fifty hotels across Asia.,2.1 Japan's Economy
pharmaceutical company,บริษัทผลิตยา,Pharmaceutical companies spend a lot of money on research.,2.1 Japan's Economy
consumer electronics,เครื่องใช้ไฟฟ้าและอุปกรณ์อิเล็กทรอนิกส์สำหรับผู้บริโภค,Japan is famous for consumer electronics such as cameras and game consoles.,2.1 Japan's Economy
innovative,ที่มีนวัตกรรม แปลกใหม่,"The company is known for small, innovative products.",2.1 Japan's Economy
portable,พกพาได้ เคลื่อนย้ายสะดวก,A portable speaker is easy to take to the beach.,2.1 Japan's Economy
handheld,ขนาดถือด้วยมือได้,The Nintendo DS was a best-selling handheld game console.,2.1 Japan's Economy
release (a product),ออกวางจำหน่าย (สินค้า),Sony released the Walkman in 1979.,2.1 Japan's Economy
domestic,ภายในประเทศ,Domestic car makers lost customers to cheaper foreign cars.,2.1 Japan's Economy
revolutionary,ที่ปฏิวัติวงการ เปลี่ยนแปลงครั้งใหญ่,The smartphone was a revolutionary product.,2.1 Japan's Economy
climate change,การเปลี่ยนแปลงสภาพภูมิอากาศ,Climate change is making floods and droughts more common in Thailand.,2.2 The Energy Industry
fossil fuel,เชื้อเพลิงฟอสซิล,"Oil, coal and natural gas are all fossil fuels.",2.2 The Energy Industry
electricity bill,ค่าไฟฟ้า,Our electricity bill goes up every April because the air conditioner is on all day.,2.2 The Energy Industry
global warming,ภาวะโลกร้อน,Burning fossil fuels contributes to global warming.,2.2 The Energy Industry
renewable energies,พลังงานหมุนเวียน,Some oil companies are now investing in renewable energies such as wind and solar power.,2.2 The Energy Industry
greenhouse gases,ก๊าซเรือนกระจก,New rules limit the greenhouse gases that factories can release.,2.2 The Energy Industry
solar panels,แผงโซลาร์เซลล์,Many factories in Thailand now have solar panels on their roofs.,2.2 The Energy Industry
power cut / blackout,ไฟดับ,We had a power cut during the storm last night.,2.2 The Energy Industry
backup power,ไฟฟ้าสำรอง,The hospital has backup power in case the electricity fails.,2.2 The Energy Industry
benefit,ประโยชน์ ข้อดี,Lower electricity bills are the main benefit of solar panels.,2.2 The Energy Industry
investment,การลงทุน,Buying new machines was a big investment for the company.,2.2 The Energy Industry
threat,ภัยคุกคาม สิ่งที่อาจก่อให้เกิดอันตราย,Online shopping is a growing threat to small shops.,2.2 The Energy Industry
long-term,ระยะยาว,Solar panels are a long-term investment.,2.2 The Energy Industry
transition from … to …,การเปลี่ยนผ่านจาก... ไปสู่...,The transition from petrol cars to electric cars will take many years.,2.2 The Energy Industry
face a critical choice,เผชิญการตัดสินใจครั้งสำคัญ,The family business is facing a critical choice: grow or sell.,2.2 The Energy Industry
diversify into,ขยายกิจการไปสู่สินค้าหรือธุรกิจใหม่,The coffee chain diversified into selling cakes and sandwiches.,2.2 The Energy Industry
stick to,ยึดอยู่กับ... ไม่เปลี่ยนไปทำอย่างอื่น,Some companies prefer to stick to what they know.,2.2 The Energy Industry
shape the future,กำหนดทิศทางของอนาคต,Artificial intelligence will shape the future of many industries.,2.2 The Energy Industry
energy supplies,พลังงานที่มีให้ใช้ แหล่งจัดหาพลังงาน,Every country needs safe and reliable energy supplies.,2.2 The Energy Industry
emissions,การปล่อยก๊าซหรือมลพิษ,Electric buses help reduce emissions in big cities.,2.2 The Energy Industry
regulations,กฎระเบียบ ข้อบังคับ,Stricter regulations on pollution are coming next year.,2.2 The Energy Industry
tax deduction,การลดหย่อนภาษี,Homeowners can get a tax deduction for installing solar panels.,2.2 The Energy Industry
co-founder,ผู้ร่วมก่อตั้ง,The two co-founders met at university.,2.2 The Energy Industry
fully booked,ถูกจองเต็มแล้ว,All the hotels near the concert were fully booked.,2.2 The Energy Industry
accommodation,ที่พัก,The company pays for our travel and accommodation.,2.2 The Energy Industry
listing,รายการประกาศขายหรือให้เช่าบนเว็บไซต์,Good photos make your listing more attractive to guests.,2.2 The Energy Industry
sharing economy,เศรษฐกิจแบ่งปัน,Grab and Airbnb are examples of the sharing economy.,2.2 The Energy Industry
charge (a price),คิดราคา เรียกเก็บเงิน,The guesthouse charges 800 baht a night.,2.2 The Energy Industry
intern,นักศึกษาฝึกงาน,She worked as an intern at an engineering company.,2.2 The Energy Industry
action point,สิ่งที่ต้องดำเนินการ (ที่ตกลงกันในที่ประชุม),Please read the action points from today's meeting.,2.5 Action Points
licence,ใบอนุญาต,We need a licence before we can open the factory.,2.5 Action Points
register the business,จดทะเบียนธุรกิจ,Our first step is to register the business with the government.,2.5 Action Points
business premises,สถานที่ประกอบการ,We are looking for new business premises near the airport.,2.5 Action Points
permission,การอนุญาต,We need permission from the city to build a second floor.,2.5 Action Points
candidate,ผู้สมัคร,We interviewed five candidates for the manager position.,2.5 Action Points
takeover,การเข้าซื้อกิจการ,The staff were worried about the takeover.,2.5 Action Points
press release,ข่าวประชาสัมพันธ์ที่ส่งให้สื่อมวลชน,The company will send out a press release tomorrow.,2.5 Action Points
attend a meeting,เข้าร่วมประชุม,We expect everyone to attend the meeting on Monday.,2.5 Action Points
involve,เกี่ยวข้องกับ ต้องอาศัย...,The new project will involve a lot of planning.,2.5 Action Points
customer complaints,ข้อร้องเรียนจากลูกค้า,Sam will write a report on customer complaints by Thursday.,2.5 Action Points
supplier,ผู้จัดหาสินค้าหรือวัตถุดิบ ซัพพลายเออร์,We need a cheaper supplier for our packaging.,2.5 Action Points
deadline,กำหนดเวลาที่ต้องเสร็จ,The deadline for the report is Friday at noon.,2.5 Action Points
analyse your target territories,วิเคราะห์ตลาดหรือประเทศเป้าหมาย,"Before going abroad, a company must analyse its target territories.",4.1 One Size Fits All
adjust your marketing strategy,ปรับกลยุทธ์การตลาด,"Sales were slow, so we adjusted our marketing strategy for younger customers.",4.1 One Size Fits All
adapt a product to meet local needs,ปรับสินค้าให้ตรงกับความต้องการของตลาดท้องถิ่น,The company adapted its snacks to meet local needs by making them spicier for Thai customers.,4.1 One Size Fits All
appeal to the middle class,ดึงดูดชนชั้นกลาง,The new model is cheaper because the company wants to appeal to the middle class.,4.1 One Size Fits All
specialise in selling something,เชี่ยวชาญด้านการขาย...,This shop specialises in selling handmade leather bags.,4.1 One Size Fits All
customise a product for a market,ปรับแต่งสินค้าให้เหมาะกับตลาด,The car maker customised its new sedan for the Chinese market.,4.1 One Size Fits All
launch a new product,เปิดตัวสินค้าใหม่,The company will launch a new product in Bangkok next month.,4.1 One Size Fits All
there is a strong appetite for something,มีความต้องการสูงต่อ...,There is a strong appetite for Korean skincare products in Thailand.,4.1 One Size Fits All
local preferences,ความชอบหรือรสนิยมของตลาดท้องถิ่น,Global brands must pay attention to local preferences.,4.1 One Size Fits All
product customisation,การปรับแต่งสินค้าให้เหมาะกับตลาด,Product customisation is important when you sell in a new country.,4.1 One Size Fits All
luxury goods,สินค้าหรูหรา ราคาสูงสำหรับผู้มีฐานะ,Wealthy shoppers spend a lot on luxury goods such as designer bags.,4.1 One Size Fits All
consumer brands,แบรนด์สินค้าที่คนทั่วไปซื้อใช้,Mass-market consumer brands sell everyday products to millions of people.,4.1 One Size Fits All
customise · customisation · customisable,ปรับแต่ง (v.) · การปรับแต่ง (n.) · ปรับแต่งได้ (adj.),You can customise the phone case because the design is fully customisable.,4.1 One Size Fits All
adapt · adaptation / adaptability · adaptable,ปรับ ปรับตัว (v.) · การดัดแปลง / ความสามารถในการปรับตัว (n.) · ปรับตัวได้ (adj.),Employers want adaptable staff who can adapt quickly to change.,4.1 One Size Fits All
consume · consumer / consumption · consumable,บริโภค (v.) · ผู้บริโภค / การบริโภค (n.) · ที่ใช้แล้วหมดไป (adj.),Coffee consumption is growing because more consumers drink coffee every day.,4.1 One Size Fits All
produce · product / production · productive,ผลิต (v.) · สินค้า / การผลิต (n.) · มีประสิทธิภาพ ให้ผลผลิตดี (adj.),"The factory produces a thousand products a day, and production is still increasing.",4.1 One Size Fits All
specialise · specialist / specialisation · special,เชี่ยวชาญเฉพาะด้าน (v.) · ผู้เชี่ยวชาญ / ความเชี่ยวชาญเฉพาะทาง (n.) · พิเศษ (adj.),"She specialises in tax law, so she is the specialist we need.",4.1 One Size Fits All
grow · growth · grown,เติบโต ปลูก (v.) · การเติบโต (n.) · ที่โตเต็มที่ ที่ปลูก (adj.),"The company grew fast last year, and we expect the growth to continue.",4.1 One Size Fits All
one size fits all,แบบเดียวใช้ได้กับทุกคน (ไม่ต้องปรับเปลี่ยน),"In global markets, one size doesn't always fit all.",4.1 One Size Fits All
appeal · appeal · appealing,ดึงดูดใจ (v.) · แรงดึงดูด (n.) · น่าดึงดูด (adj.),The bright packaging is very appealing to children.,4.1 One Size Fits All
prefer · preference · preferable,ชอบมากกว่า (v.) · ความชอบ (n.) · ดีกว่า น่าเลือกกว่า (adj.),Customers can choose all their preferences online.,4.1 One Size Fits All
standardise · standard / standardisation · standard,ทำให้เป็นมาตรฐานเดียวกัน (v.) · มาตรฐาน / การทำให้เป็นมาตรฐาน (n.) · มาตรฐาน (adj.),The company standardised its logo in every country.,4.1 One Size Fits All
target · target,มุ่งเป้า (v.) · เป้าหมาย (n.),The new phone targets young middle-class buyers.,4.1 One Size Fits All
mass market,ตลาดคนทั่วไป (ขายสินค้าจำนวนมากให้คนหมู่มาก),Mass-market brands sell cheap products in large numbers.,4.1 One Size Fits All
high-end,ระดับบน ราคาสูง,The car maker launched a high-end sedan for wealthy buyers.,4.1 One Size Fits All
premium,ระดับพรีเมียม คุณภาพและราคาสูงกว่าทั่วไป,The café sells a range of premium teas.,4.1 One Size Fits All
the wealthy,คนรวย ผู้มีฐานะ,Luxury brands mainly target the wealthy.,4.1 One Size Fits All
Western goods,สินค้าจากตะวันตก (ยุโรปและอเมริกา),There is a strong appetite for Western goods in many Asian markets.,4.1 One Size Fits All
multinational,บริษัทข้ามชาติ,Multinationals often adapt their products for each country.,4.1 One Size Fits All
a range of,หลากหลาย... (ชุดของสินค้าหลายแบบ),The shop sells a range of local snacks.,4.1 One Size Fits All
aspirational,เป็นสิ่งที่คนอยากมี สะท้อนความสำเร็จ,Western brands are seen as aspirational in some markets.,4.1 One Size Fits All
retailer,ผู้ค้าปลีก,IKEA is a global furniture retailer.,4.1 One Size Fits All
mass production,การผลิตจำนวนมาก,Mass production in local factories keeps prices low.,4.1 One Size Fits All
potential customers,ลูกค้าที่มีแนวโน้มจะซื้อ ลูกค้าในอนาคต,Social media ads help us reach potential customers.,4.1 One Size Fits All
production line / assembly line,สายการผลิต สายการประกอบในโรงงาน,The factory has more than a thousand robots on its production line.,4.1 One Size Fits All
parent company,บริษัทแม่,BMW is the parent company of Mini.,4.1 One Size Fits All
chauffeur,คนขับรถส่วนตัว,Some wealthy buyers never drive because they have a chauffeur.,4.1 One Size Fits All
e-commerce,การค้าออนไลน์ อีคอมเมิร์ซ,E-commerce lets small businesses sell all over the world.,4.2 Online Markets
online retailer,ร้านค้าปลีกออนไลน์,Amazon is the largest online retailer in the USA.,4.2 Online Markets
online marketplace,ตลาดออนไลน์ที่ผู้ขายหลายรายมาขายสินค้า,Etsy is an online marketplace for handmade goods.,4.2 Online Markets
online auction,การประมูลออนไลน์,eBay started as an online auction site.,4.2 Online Markets
food delivery service,บริการส่งอาหาร,LINE MAN and Grab Food are food delivery services.,4.2 Online Markets
sofapreneur,ผู้ประกอบการที่หารายได้ออนไลน์จากที่บ้าน (sofa + entrepreneur),"As a sofapreneur, she sells clothes online from her living room.",4.2 Online Markets
freelance work,งานอิสระ งานฟรีแลนซ์,Many office workers do freelance work in the evenings.,4.2 Online Markets
log on,เข้าสู่ระบบ ล็อกอิน,Most users log on after work.,4.2 Online Markets
income,รายได้,Online sales are now half of our income.,4.2 Online Markets
earn money,หาเงิน ได้รับเงินจากการทำงาน,Students can earn money by selling second-hand clothes online.,4.2 Online Markets
economic growth,การเติบโตทางเศรษฐกิจ,Slow economic growth means fewer new jobs.,4.2 Online Markets
low wages,ค่าแรงต่ำ,Low wages push many people to look for a second job.,4.2 Online Markets
caring responsibilities,ภาระดูแลคนในครอบครัว เช่น ลูกหรือพ่อแม่สูงอายุ,People with caring responsibilities may find it hard to work full-time.,4.2 Online Markets
compete unfairly,แข่งขันอย่างไม่เป็นธรรม,Sellers who don't pay tax compete unfairly with small shops.,4.2 Online Markets
avoid tax,หลีกเลี่ยงภาษี,The government wants to stop online sellers from avoiding tax.,4.2 Online Markets
full-time / part-time,เต็มเวลา / ไม่เต็มเวลา,She works full-time in a bank and sells jewellery part-time online.,4.2 Online Markets
day job,งานประจำ,He kept his day job while his online shop grew.,4.2 Online Markets
spare time,เวลาว่าง,He makes jewellery in his spare time.,4.2 Online Markets
handmade,ทำด้วยมือ,Every handmade bowl is a little different.,4.2 Online Markets
personalised,ทำขึ้นเฉพาะบุคคล เช่น สลักชื่อ,We sell personalised mugs with your name on them.,4.2 Online Markets
dispatch,ส่งสินค้าออกจากร้านหรือคลังสินค้า,We dispatch all orders on the same day.,4.2 Online Markets
ship worldwide,จัดส่งทั่วโลก,Our shop ships worldwide.,4.2 Online Markets
charge a commission,เก็บค่าคอมมิชชัน (ค่าธรรมเนียมเป็นเปอร์เซ็นต์ของยอดขาย),The website charges a commission of 5% on every sale.,4.2 Online Markets
be based in,มีสำนักงานหลักอยู่ที่ ตั้งอยู่ที่,Rakuten is based in Japan.,4.2 Online Markets
found (a company),ก่อตั้ง (found – founded – founded),Jeff Bezos founded Amazon in 1994.,4.2 Online Markets
set up (a business),ก่อตั้ง เปิด (ธุรกิจ ร้านค้า),He set up his own online shop last year.,4.2 Online Markets
acquire,เข้าซื้อกิจการ,The start-up was acquired by a larger rival.,4.2 Online Markets
merge (with),ควบรวมกิจการ (กับ),The two banks merged last year.,4.2 Online Markets
subsidiary,บริษัทลูก บริษัทในเครือ,The company sells cars through a subsidiary in Vietnam.,4.2 Online Markets
business model,โมเดลธุรกิจ รูปแบบการหารายได้ของธุรกิจ,Online booking changed the business model of travel agents.,4.2 Online Markets
steady growth,การเติบโตอย่างสม่ำเสมอ,The company enjoyed steady growth for five years.,4.2 Online Markets
boutique hotel,โรงแรมบูติก (โรงแรมขนาดเล็กที่มีสไตล์),"Thanks to Airbnb, anyone can run a small boutique hotel.",4.2 Online Markets
measure,วัด ประเมิน,Customer happiness is hard to measure.,4.2 Online Markets
assemble,ประกอบชิ้นส่วนเข้าด้วยกัน,Most iPhones are assembled in China.,4.2 Online Markets
estimate,ประมาณการ คาดคะเน,It is estimated that half of internet users shop online.,4.2 Online Markets
employ,จ้างงาน,"The company employs 3,000 staff worldwide.",4.2 Online Markets
confirm an order,ยืนยันคำสั่งซื้อ,We are writing to confirm your order for 500 office chairs.,4.5 Confirming an Order
payment terms,เงื่อนไขการชำระเงิน,Our payment terms are 30 days after the date of the invoice.,4.5 Confirming an Order
enclose something,แนบ (เอกสาร) มาพร้อมกับจดหมาย,We enclose a copy of the invoice.,4.5 Confirming an Order
please do not hesitate to contact us,หากมีข้อสงสัย ติดต่อเราได้ทันที,"If you have any questions, please do not hesitate to contact us.",4.5 Confirming an Order
Yours sincerely,ขอแสดงความนับถือ (ใช้เมื่อขึ้นต้นด้วยชื่อผู้รับ เช่น Dear Mr Chahal),"Dear Mr Chahal, … Yours sincerely, Anna Lee",4.5 Confirming an Order
Yours faithfully,ขอแสดงความนับถือ (ใช้เมื่อขึ้นต้นว่า Dear Sir/Madam),"Dear Sir/Madam, … Yours faithfully, Anna Lee",4.5 Confirming an Order
belong to,เป็นของ เป็นส่วนหนึ่งของ,This laptop belongs to the IT department.,4.5 Confirming an Order
complain to,ร้องเรียนต่อ (ใคร),The customer complained to the manager about the late delivery.,4.5 Confirming an Order
complain about,ร้องเรียนหรือบ่นเรื่อง...,Several customers complained about the price increase.,4.5 Confirming an Order
listen to,ฟัง,Listen to the customer before you offer a solution.,4.5 Confirming an Order
talk to,คุยกับ (ใคร),I'll talk to the supplier tomorrow morning.,4.5 Confirming an Order
talk about,พูดถึง คุยเรื่อง...,"When we talked about your order, we agreed on a 10% discount.",4.5 Confirming an Order
write to,เขียนจดหมายหรืออีเมลถึง (ใคร),We are writing to you to confirm the delivery date.,4.5 Confirming an Order
speak to,พูดกับ (ใคร),"Could I speak to the sales manager, please?",4.5 Confirming an Order
read about,อ่านเกี่ยวกับ...,I read about your company in a business magazine.,4.5 Confirming an Order
think about,คิดเกี่ยวกับ... พิจารณา,We are thinking about opening a second shop.,4.5 Confirming an Order
apply for,สมัคร (งาน ทุน ตำแหน่ง),She applied for a job at an international bank.,4.5 Confirming an Order
look for,มองหา ค้นหา,We are looking for a new supplier in Vietnam.,4.5 Confirming an Order
pay for,จ่ายเงินค่า...,You get a 10% discount if you pay for the goods on time.,4.5 Confirming an Order
wait for,รอ (ใคร หรือ อะไร),We are still waiting for the shipment from China.,4.5 Confirming an Order
work for,ทำงานให้ (บริษัทหรือใคร),My sister works for a logistics company.,4.5 Confirming an Order
arrive at,มาถึง (สถานที่),The goods arrived at our warehouse this morning.,4.5 Confirming an Order
look at,มองดู พิจารณา,I looked at the contract carefully before I signed it.,4.5 Confirming an Order
laugh at,หัวเราะกับ... หัวเราะเยาะ...,Everyone laughed at his joke during the meeting.,4.5 Confirming an Order
point at,ชี้ไปที่...,The manager pointed at the chart and explained the results.,4.5 Confirming an Order
agree with,เห็นด้วยกับ...,I agree with the manager about the new schedule.,4.5 Confirming an Order
disagree with,ไม่เห็นด้วยกับ...,Two members of the team disagreed with the plan.,4.5 Confirming an Order
do business with,ทำธุรกิจกับ...,We have done business with this company for ten years.,4.5 Confirming an Order
We are pleased to confirm your order,เรายินดีที่จะยืนยันคำสั่งซื้อของท่าน,We are pleased to confirm your order for 50 desks.,4.5 Confirming an Order
unit price,ราคาต่อหน่วย,"The unit price of each chair is 1,200 baht.",4.5 Confirming an Order
discount,ส่วนลด,We are offering a 10% discount on your first order.,4.5 Confirming an Order
invoice,ใบแจ้งหนี้,Payment is due 30 days after the date of the invoice.,4.5 Confirming an Order
terms and conditions,ข้อกำหนดและเงื่อนไข,Please read our terms and conditions before you sign.,4.5 Confirming an Order
cash on delivery,เก็บเงินปลายทาง,Many online shoppers in Thailand still pay cash on delivery.,4.5 Confirming an Order
payment in advance,การชำระเงินล่วงหน้า,We ask new customers for payment in advance.,4.5 Confirming an Order
early payment,การชำระเงินก่อนกำหนด,There is an extra 1% discount for early payment.,4.5 Confirming an Order
head office / headquarters,สำนักงานใหญ่,We will deliver the goods to your head office on Friday.,4.5 Confirming an Order
deliver the goods,ส่งสินค้า,We deliver the goods every Monday morning.,4.5 Confirming an Order
query,ข้อสงสัย คำถาม (ภาษาทางการ),"If you have any queries, please call our sales team.",4.5 Confirming an Order
supply (someone with something),จัดหาหรือส่งสินค้าให้,We look forward to supplying you with office furniture again.,4.5 Confirming an Order
our new range,ไลน์สินค้าใหม่ของเรา,Details of our new range of furniture are enclosed.,4.5 Confirming an Order
providing (that),หากว่า ภายใต้เงื่อนไขว่า,You get free delivery providing you order before Friday.,4.5 Confirming an Order
We thank you for your business,ขอบคุณที่ไว้วางใจทำธุรกิจกับเรา (ประโยคปิดจดหมายธุรกิจ),We thank you for your business and look forward to working with you.,4.5 Confirming an Order
rise,เพิ่มขึ้น สูงขึ้น,Sales rose by 15% in 2025.,Describing Trends (Final Project)
increase,เพิ่มขึ้น,"The number of customers increased from 2,000 to 3,500.",Describing Trends (Final Project)
grow,เติบโต เพิ่มขึ้น,Online orders grew steadily throughout the year.,Describing Trends (Final Project)
climb,ไต่ขึ้น เพิ่มขึ้นเรื่อย ๆ,Profits climbed to 2.2 million baht by the end of the year.,Describing Trends (Final Project)
fall,ลดลง ตกลง,Sales fell sharply during the rainy season.,Describing Trends (Final Project)
decrease,ลดลง,Costs decreased by 8% after we changed suppliers.,Describing Trends (Final Project)
decline,ลดลง (มักค่อย ๆ ลดลงในระยะยาว),Demand for printed magazines has declined over the past ten years.,Describing Trends (Final Project)
drop,ลดลง (มักลดลงอย่างฉับพลัน),The price of coffee beans dropped in March.,Describing Trends (Final Project)
fluctuate,ขึ้น ๆ ลง ๆ ผันผวน,Our monthly sales fluctuate with the tourist seasons.,Describing Trends (Final Project)
stabilise,คงที่ มีเสถียรภาพ,"After a difficult first year, profits stabilised in 2025.",Describing Trends (Final Project)
remain steady,คงที่ ทรงตัว,The number of staff remained steady at 25.,Describing Trends (Final Project)
sharply,อย่างฉับพลันและมาก,Sales increased sharply after the TV advert.,Describing Trends (Final Project)
dramatically,อย่างฉับพลันและมากเป็นพิเศษ,Online orders grew dramatically during the festival.,Describing Trends (Final Project)
steadily,อย่างสม่ำเสมอ ในอัตราคงที่,The number of members rose steadily every month.,Describing Trends (Final Project)
gradually,ทีละน้อย ค่อยเป็นค่อยไป,Prices increased gradually over three years.,Describing Trends (Final Project)
slightly,เล็กน้อย,Profits fell slightly in the second quarter.,Describing Trends (Final Project)
significant / significantly,มาก อย่างมีนัยสำคัญ,"Sales grew significantly, and there was a significant rise in profit.",Describing Trends (Final Project)
moderate / moderately,ปานกลาง ในระดับปานกลาง,"Costs rose moderately, by about 5%, and there was a moderate fall in demand.",Describing Trends (Final Project)
